<?xml version="1.0" encoding="UTF-8" ?>
<CustomApplication xmlns="http://soap.sforce.com/2006/04/metadata">
    <actionOverrides>
        <actionName>View</actionName>
        <comment
        >Action override created by Lightning App Builder during activation.</comment>
        <content>Property_Record_Page</content>
        <formFactor>Small</formFactor>
        <skipRecordTypeSelect>false</skipRecordTypeSelect>
        <type>Flexipage</type>
        <pageOrSobjectType>Property__c</pageOrSobjectType>
    </actionOverrides>
    <actionOverrides>
        <actionName>View</actionName>
        <comment
        >Action override created by Lightning App Builder during activation.</comment>
        <content>Property_Record_Page</content>
        <formFactor>Large</formFactor>
        <skipRecordTypeSelect>false</skipRecordTypeSelect>
        <type>Flexipage</type>
        <pageOrSobjectType>Property__c</pageOrSobjectType>
    </actionOverrides>
    <actionOverrides>
        <actionName>View</actionName>
        <comment
        >Action override created by Lightning App Builder during activation.</comment>
        <content>Broker_Record_Page</content>
        <formFactor>Small</formFactor>
        <skipRecordTypeSelect>false</skipRecordTypeSelect>
        <type>Flexipage</type>
        <pageOrSobjectType>Broker__c</pageOrSobjectType>
    </actionOverrides>
    <actionOverrides>
        <actionName>View</actionName>
        <comment
        >Action override created by Lightning App Builder during activation.</comment>
        <content>Broker_Record_Page</content>
        <formFactor>Large</formFactor>
        <skipRecordTypeSelect>false</skipRecordTypeSelect>
        <type>Flexipage</type>
        <pageOrSobjectType>Broker__c</pageOrSobjectType>
    </actionOverrides>
    <brand>
        <headerColor>#86BD4A</headerColor>
        <logo>EstatePrismlogosquare</logo>
        <shouldOverrideOrgTheme>false</shouldOverrideOrgTheme>
    </brand>
    <formFactors>Small</formFactors>
    <formFactors>Large</formFactors>
    <isNavAutoTempTabsDisabled>false</isNavAutoTempTabsDisabled>
    <isNavPersonalizationDisabled>false</isNavPersonalizationDisabled>
    <label>EstatePrism</label>
    <navType>Standard</navType>
    <setupExperience>all</setupExperience>
    <tabs>standard-home</tabs>
    <tabs>Property_Explorer</tabs>
    <tabs>Property_Finder</tabs>
    <tabs>standard-Contact</tabs>
    <tabs>Property__c</tabs>
    <tabs>Broker__c</tabs>
    <tabs>standard-File</tabs>
    <tabs>Settings</tabs>
    <uiType>Lightning</uiType>
</CustomApplication>
